category,date,value,type,age
schools_closed,2020-12-01,1,boolean,0
schools_closed,2020-12-01,1,boolean,1
schools_closed,2020-12-01,1,boolean,2
schools_closed,2020-12-01,1,boolean,3
schools_closed,2020-12-01,1,boolean,4
schools_closed,2020-12-01,1,boolean,5
schools_closed,2020-12-01,1,boolean,6
schools_closed,2020-12-01,1,boolean,7
schools_closed,2020-12-01,1,boolean,8
schools_closed,2020-12-01,1,boolean,9
schools_closed,2020-12-01,1,boolean,10
schools_closed,2020-12-01,1,boolean,11
schools_closed,2020-12-01,1,boolean,12
schools_closed,2020-12-01,1,boolean,13
schools_closed,2020-12-01,1,boolean,14
schools_closed,2020-12-01,1,boolean,15
schools_closed,2020-12-01,1,boolean,16
schools_closed,2020-12-01,1,boolean,17
schools_closed,2020-12-01,1,boolean,18
schools_closed,2020-12-01,1,boolean,19
schools_closed,2020-12-01,1,boolean,20
schools_closed,2020-12-01,1,boolean,21
schools_closed,2020-12-01,1,boolean,22
schools_closed,2020-12-01,1,boolean,23
schools_closed,2020-12-01,1,boolean,24
schools_closed,2020-12-01,1,boolean,25
workplace_distancing,2020-12-01,1,boolean,NA
community_distancing,2020-12-01,1,boolean,NA
schools_closed,2020-12-02,1,boolean,0
schools_closed,2020-12-02,1,boolean,1
schools_closed,2020-12-02,1,boolean,2
schools_closed,2020-12-02,1,boolean,3
schools_closed,2020-12-02,1,boolean,4
schools_closed,2020-12-02,1,boolean,5
schools_closed,2020-12-02,1,boolean,6
schools_closed,2020-12-02,1,boolean,7
schools_closed,2020-12-02,1,boolean,8
schools_closed,2020-12-02,1,boolean,9
schools_closed,2020-12-02,1,boolean,10
schools_closed,2020-12-02,1,boolean,11
schools_closed,2020-12-02,1,boolean,12
schools_closed,2020-12-02,1,boolean,13
schools_closed,2020-12-02,1,boolean,14
schools_closed,2020-12-02,1,boolean,15
schools_closed,2020-12-02,1,boolean,16
schools_closed,2020-12-02,1,boolean,17
schools_closed,2020-12-02,1,boolean,18
schools_closed,2020-12-02,1,boolean,19
schools_closed,2020-12-02,1,boolean,20
schools_closed,2020-12-02,1,boolean,21
schools_closed,2020-12-02,1,boolean,22
schools_closed,2020-12-02,1,boolean,23
schools_closed,2020-12-02,1,boolean,24
schools_closed,2020-12-02,1,boolean,25
workplace_distancing,2020-12-02,1,boolean,NA
community_distancing,2020-12-02,1,boolean,NA
schools_closed,2020-12-03,1,boolean,0
schools_closed,2020-12-03,1,boolean,1
schools_closed,2020-12-03,1,boolean,2
schools_closed,2020-12-03,1,boolean,3
schools_closed,2020-12-03,1,boolean,4
schools_closed,2020-12-03,1,boolean,5
schools_closed,2020-12-03,1,boolean,6
schools_closed,2020-12-03,1,boolean,7
schools_closed,2020-12-03,1,boolean,8
schools_closed,2020-12-03,1,boolean,9
schools_closed,2020-12-03,1,boolean,10
schools_closed,2020-12-03,1,boolean,11
schools_closed,2020-12-03,1,boolean,12
schools_closed,2020-12-03,1,boolean,13
schools_closed,2020-12-03,1,boolean,14
schools_closed,2020-12-03,1,boolean,15
schools_closed,2020-12-03,1,boolean,16
schools_closed,2020-12-03,1,boolean,17
schools_closed,2020-12-03,1,boolean,18
schools_closed,2020-12-03,1,boolean,19
schools_closed,2020-12-03,1,boolean,20
schools_closed,2020-12-03,1,boolean,21
schools_closed,2020-12-03,1,boolean,22
schools_closed,2020-12-03,1,boolean,23
schools_closed,2020-12-03,1,boolean,24
schools_closed,2020-12-03,1,boolean,25
workplace_distancing,2020-12-03,1,boolean,NA
community_distancing,2020-12-03,1,boolean,NA
schools_closed,2020-12-04,1,boolean,0
schools_closed,2020-12-04,1,boolean,1
schools_closed,2020-12-04,1,boolean,2
schools_closed,2020-12-04,1,boolean,3
schools_closed,2020-12-04,1,boolean,4
schools_closed,2020-12-04,1,boolean,5
schools_closed,2020-12-04,1,boolean,6
schools_closed,2020-12-04,1,boolean,7
schools_closed,2020-12-04,1,boolean,8
schools_closed,2020-12-04,1,boolean,9
schools_closed,2020-12-04,1,boolean,10
schools_closed,2020-12-04,1,boolean,11
schools_closed,2020-12-04,1,boolean,12
schools_closed,2020-12-04,1,boolean,13
schools_closed,2020-12-04,1,boolean,14
schools_closed,2020-12-04,1,boolean,15
schools_closed,2020-12-04,1,boolean,16
schools_closed,2020-12-04,1,boolean,17
schools_closed,2020-12-04,1,boolean,18
schools_closed,2020-12-04,1,boolean,19
schools_closed,2020-12-04,1,boolean,20
schools_closed,2020-12-04,1,boolean,21
schools_closed,2020-12-04,1,boolean,22
schools_closed,2020-12-04,1,boolean,23
schools_closed,2020-12-04,1,boolean,24
schools_closed,2020-12-04,1,boolean,25
workplace_distancing,2020-12-04,1,boolean,NA
community_distancing,2020-12-04,1,boolean,NA
schools_closed,2020-12-05,1,boolean,0
schools_closed,2020-12-05,1,boolean,1
schools_closed,2020-12-05,1,boolean,2
schools_closed,2020-12-05,1,boolean,3
schools_closed,2020-12-05,1,boolean,4
schools_closed,2020-12-05,1,boolean,5
schools_closed,2020-12-05,1,boolean,6
schools_closed,2020-12-05,1,boolean,7
schools_closed,2020-12-05,1,boolean,8
schools_closed,2020-12-05,1,boolean,9
schools_closed,2020-12-05,1,boolean,10
schools_closed,2020-12-05,1,boolean,11
schools_closed,2020-12-05,1,boolean,12
schools_closed,2020-12-05,1,boolean,13
schools_closed,2020-12-05,1,boolean,14
schools_closed,2020-12-05,1,boolean,15
schools_closed,2020-12-05,1,boolean,16
schools_closed,2020-12-05,1,boolean,17
schools_closed,2020-12-05,1,boolean,18
schools_closed,2020-12-05,1,boolean,19
schools_closed,2020-12-05,1,boolean,20
schools_closed,2020-12-05,1,boolean,21
schools_closed,2020-12-05,1,boolean,22
schools_closed,2020-12-05,1,boolean,23
schools_closed,2020-12-05,1,boolean,24
schools_closed,2020-12-05,1,boolean,25
workplace_distancing,2020-12-05,1,boolean,NA
community_distancing,2020-12-05,1,boolean,NA
schools_closed,2020-12-06,1,boolean,0
schools_closed,2020-12-06,1,boolean,1
schools_closed,2020-12-06,1,boolean,2
schools_closed,2020-12-06,1,boolean,3
schools_closed,2020-12-06,1,boolean,4
schools_closed,2020-12-06,1,boolean,5
schools_closed,2020-12-06,1,boolean,6
schools_closed,2020-12-06,1,boolean,7
schools_closed,2020-12-06,1,boolean,8
schools_closed,2020-12-06,1,boolean,9
schools_closed,2020-12-06,1,boolean,10
schools_closed,2020-12-06,1,boolean,11
schools_closed,2020-12-06,1,boolean,12
schools_closed,2020-12-06,1,boolean,13
schools_closed,2020-12-06,1,boolean,14
schools_closed,2020-12-06,1,boolean,15
schools_closed,2020-12-06,1,boolean,16
schools_closed,2020-12-06,1,boolean,17
schools_closed,2020-12-06,1,boolean,18
schools_closed,2020-12-06,1,boolean,19
schools_closed,2020-12-06,1,boolean,20
schools_closed,2020-12-06,1,boolean,21
schools_closed,2020-12-06,1,boolean,22
schools_closed,2020-12-06,1,boolean,23
schools_closed,2020-12-06,1,boolean,24
schools_closed,2020-12-06,1,boolean,25
workplace_distancing,2020-12-06,1,boolean,NA
community_distancing,2020-12-06,1,boolean,NA
schools_closed,2020-12-07,1,boolean,0
schools_closed,2020-12-07,1,boolean,1
schools_closed,2020-12-07,1,boolean,2
schools_closed,2020-12-07,1,boolean,3
schools_closed,2020-12-07,1,boolean,4
schools_closed,2020-12-07,1,boolean,5
schools_closed,2020-12-07,1,boolean,6
schools_closed,2020-12-07,1,boolean,7
schools_closed,2020-12-07,1,boolean,8
schools_closed,2020-12-07,1,boolean,9
schools_closed,2020-12-07,1,boolean,10
schools_closed,2020-12-07,1,boolean,11
schools_closed,2020-12-07,1,boolean,12
schools_closed,2020-12-07,1,boolean,13
schools_closed,2020-12-07,1,boolean,14
schools_closed,2020-12-07,1,boolean,15
schools_closed,2020-12-07,1,boolean,16
schools_closed,2020-12-07,1,boolean,17
schools_closed,2020-12-07,1,boolean,18
schools_closed,2020-12-07,1,boolean,19
schools_closed,2020-12-07,1,boolean,20
schools_closed,2020-12-07,1,boolean,21
schools_closed,2020-12-07,1,boolean,22
schools_closed,2020-12-07,1,boolean,23
schools_closed,2020-12-07,1,boolean,24
schools_closed,2020-12-07,1,boolean,25
workplace_distancing,2020-12-07,1,boolean,NA
community_distancing,2020-12-07,1,boolean,NA
schools_closed,2020-12-08,1,boolean,0
schools_closed,2020-12-08,1,boolean,1
schools_closed,2020-12-08,1,boolean,2
schools_closed,2020-12-08,1,boolean,3
schools_closed,2020-12-08,1,boolean,4
schools_closed,2020-12-08,1,boolean,5
schools_closed,2020-12-08,1,boolean,6
schools_closed,2020-12-08,1,boolean,7
schools_closed,2020-12-08,1,boolean,8
schools_closed,2020-12-08,1,boolean,9
schools_closed,2020-12-08,1,boolean,10
schools_closed,2020-12-08,1,boolean,11
schools_closed,2020-12-08,1,boolean,12
schools_closed,2020-12-08,1,boolean,13
schools_closed,2020-12-08,1,boolean,14
schools_closed,2020-12-08,1,boolean,15
schools_closed,2020-12-08,1,boolean,16
schools_closed,2020-12-08,1,boolean,17
schools_closed,2020-12-08,1,boolean,18
schools_closed,2020-12-08,1,boolean,19
schools_closed,2020-12-08,1,boolean,20
schools_closed,2020-12-08,1,boolean,21
schools_closed,2020-12-08,1,boolean,22
schools_closed,2020-12-08,1,boolean,23
schools_closed,2020-12-08,1,boolean,24
schools_closed,2020-12-08,1,boolean,25
workplace_distancing,2020-12-08,1,boolean,NA
community_distancing,2020-12-08,1,boolean,NA
schools_closed,2020-12-09,1,boolean,0
schools_closed,2020-12-09,1,boolean,1
schools_closed,2020-12-09,1,boolean,2
schools_closed,2020-12-09,1,boolean,3
schools_closed,2020-12-09,1,boolean,4
schools_closed,2020-12-09,1,boolean,5
schools_closed,2020-12-09,1,boolean,6
schools_closed,2020-12-09,1,boolean,7
schools_closed,2020-12-09,1,boolean,8
schools_closed,2020-12-09,1,boolean,9
schools_closed,2020-12-09,1,boolean,10
schools_closed,2020-12-09,1,boolean,11
schools_closed,2020-12-09,1,boolean,12
schools_closed,2020-12-09,1,boolean,13
schools_closed,2020-12-09,1,boolean,14
schools_closed,2020-12-09,1,boolean,15
schools_closed,2020-12-09,1,boolean,16
schools_closed,2020-12-09,1,boolean,17
schools_closed,2020-12-09,1,boolean,18
schools_closed,2020-12-09,1,boolean,19
schools_closed,2020-12-09,1,boolean,20
schools_closed,2020-12-09,1,boolean,21
schools_closed,2020-12-09,1,boolean,22
schools_closed,2020-12-09,1,boolean,23
schools_closed,2020-12-09,1,boolean,24
schools_closed,2020-12-09,1,boolean,25
workplace_distancing,2020-12-09,1,boolean,NA
community_distancing,2020-12-09,1,boolean,NA
schools_closed,2020-12-10,1,boolean,0
schools_closed,2020-12-10,1,boolean,1
schools_closed,2020-12-10,1,boolean,2
schools_closed,2020-12-10,1,boolean,3
schools_closed,2020-12-10,1,boolean,4
schools_closed,2020-12-10,1,boolean,5
schools_closed,2020-12-10,1,boolean,6
schools_closed,2020-12-10,1,boolean,7
schools_closed,2020-12-10,1,boolean,8
schools_closed,2020-12-10,1,boolean,9
schools_closed,2020-12-10,1,boolean,10
schools_closed,2020-12-10,1,boolean,11
schools_closed,2020-12-10,1,boolean,12
schools_closed,2020-12-10,1,boolean,13
schools_closed,2020-12-10,1,boolean,14
schools_closed,2020-12-10,1,boolean,15
schools_closed,2020-12-10,1,boolean,16
schools_closed,2020-12-10,1,boolean,17
schools_closed,2020-12-10,1,boolean,18
schools_closed,2020-12-10,1,boolean,19
schools_closed,2020-12-10,1,boolean,20
schools_closed,2020-12-10,1,boolean,21
schools_closed,2020-12-10,1,boolean,22
schools_closed,2020-12-10,1,boolean,23
schools_closed,2020-12-10,1,boolean,24
schools_closed,2020-12-10,1,boolean,25
workplace_distancing,2020-12-10,1,boolean,NA
community_distancing,2020-12-10,1,boolean,NA
schools_closed,2020-12-11,1,boolean,0
schools_closed,2020-12-11,1,boolean,1
schools_closed,2020-12-11,1,boolean,2
schools_closed,2020-12-11,1,boolean,3
schools_closed,2020-12-11,1,boolean,4
schools_closed,2020-12-11,1,boolean,5
schools_closed,2020-12-11,1,boolean,6
schools_closed,2020-12-11,1,boolean,7
schools_closed,2020-12-11,1,boolean,8
schools_closed,2020-12-11,1,boolean,9
schools_closed,2020-12-11,1,boolean,10
schools_closed,2020-12-11,1,boolean,11
schools_closed,2020-12-11,1,boolean,12
schools_closed,2020-12-11,1,boolean,13
schools_closed,2020-12-11,1,boolean,14
schools_closed,2020-12-11,1,boolean,15
schools_closed,2020-12-11,1,boolean,16
schools_closed,2020-12-11,1,boolean,17
schools_closed,2020-12-11,1,boolean,18
schools_closed,2020-12-11,1,boolean,19
schools_closed,2020-12-11,1,boolean,20
schools_closed,2020-12-11,1,boolean,21
schools_closed,2020-12-11,1,boolean,22
schools_closed,2020-12-11,1,boolean,23
schools_closed,2020-12-11,1,boolean,24
schools_closed,2020-12-11,1,boolean,25
workplace_distancing,2020-12-11,1,boolean,NA
community_distancing,2020-12-11,1,boolean,NA
schools_closed,2020-12-12,1,boolean,0
schools_closed,2020-12-12,1,boolean,1
schools_closed,2020-12-12,1,boolean,2
schools_closed,2020-12-12,1,boolean,3
schools_closed,2020-12-12,1,boolean,4
schools_closed,2020-12-12,1,boolean,5
schools_closed,2020-12-12,1,boolean,6
schools_closed,2020-12-12,1,boolean,7
schools_closed,2020-12-12,1,boolean,8
schools_closed,2020-12-12,1,boolean,9
schools_closed,2020-12-12,1,boolean,10
schools_closed,2020-12-12,1,boolean,11
schools_closed,2020-12-12,1,boolean,12
schools_closed,2020-12-12,1,boolean,13
schools_closed,2020-12-12,1,boolean,14
schools_closed,2020-12-12,1,boolean,15
schools_closed,2020-12-12,1,boolean,16
schools_closed,2020-12-12,1,boolean,17
schools_closed,2020-12-12,1,boolean,18
schools_closed,2020-12-12,1,boolean,19
schools_closed,2020-12-12,1,boolean,20
schools_closed,2020-12-12,1,boolean,21
schools_closed,2020-12-12,1,boolean,22
schools_closed,2020-12-12,1,boolean,23
schools_closed,2020-12-12,1,boolean,24
schools_closed,2020-12-12,1,boolean,25
workplace_distancing,2020-12-12,1,boolean,NA
community_distancing,2020-12-12,1,boolean,NA
schools_closed,2020-12-13,1,boolean,0
schools_closed,2020-12-13,1,boolean,1
schools_closed,2020-12-13,1,boolean,2
schools_closed,2020-12-13,1,boolean,3
schools_closed,2020-12-13,1,boolean,4
schools_closed,2020-12-13,1,boolean,5
schools_closed,2020-12-13,1,boolean,6
schools_closed,2020-12-13,1,boolean,7
schools_closed,2020-12-13,1,boolean,8
schools_closed,2020-12-13,1,boolean,9
schools_closed,2020-12-13,1,boolean,10
schools_closed,2020-12-13,1,boolean,11
schools_closed,2020-12-13,1,boolean,12
schools_closed,2020-12-13,1,boolean,13
schools_closed,2020-12-13,1,boolean,14
schools_closed,2020-12-13,1,boolean,15
schools_closed,2020-12-13,1,boolean,16
schools_closed,2020-12-13,1,boolean,17
schools_closed,2020-12-13,1,boolean,18
schools_closed,2020-12-13,1,boolean,19
schools_closed,2020-12-13,1,boolean,20
schools_closed,2020-12-13,1,boolean,21
schools_closed,2020-12-13,1,boolean,22
schools_closed,2020-12-13,1,boolean,23
schools_closed,2020-12-13,1,boolean,24
schools_closed,2020-12-13,1,boolean,25
workplace_distancing,2020-12-13,1,boolean,NA
community_distancing,2020-12-13,1,boolean,NA
schools_closed,2020-12-14,1,boolean,0
schools_closed,2020-12-14,1,boolean,1
schools_closed,2020-12-14,1,boolean,2
schools_closed,2020-12-14,1,boolean,3
schools_closed,2020-12-14,1,boolean,4
schools_closed,2020-12-14,1,boolean,5
schools_closed,2020-12-14,1,boolean,6
schools_closed,2020-12-14,1,boolean,7
schools_closed,2020-12-14,1,boolean,8
schools_closed,2020-12-14,1,boolean,9
schools_closed,2020-12-14,1,boolean,10
schools_closed,2020-12-14,1,boolean,11
schools_closed,2020-12-14,1,boolean,12
schools_closed,2020-12-14,1,boolean,13
schools_closed,2020-12-14,1,boolean,14
schools_closed,2020-12-14,1,boolean,15
schools_closed,2020-12-14,1,boolean,16
schools_closed,2020-12-14,1,boolean,17
schools_closed,2020-12-14,1,boolean,18
schools_closed,2020-12-14,1,boolean,19
schools_closed,2020-12-14,1,boolean,20
schools_closed,2020-12-14,1,boolean,21
schools_closed,2020-12-14,1,boolean,22
schools_closed,2020-12-14,1,boolean,23
schools_closed,2020-12-14,1,boolean,24
schools_closed,2020-12-14,1,boolean,25
workplace_distancing,2020-12-14,1,boolean,NA
community_distancing,2020-12-14,1,boolean,NA
schools_closed,2020-12-15,1,boolean,0
schools_closed,2020-12-15,1,boolean,1
schools_closed,2020-12-15,1,boolean,2
schools_closed,2020-12-15,1,boolean,3
schools_closed,2020-12-15,1,boolean,4
schools_closed,2020-12-15,1,boolean,5
schools_closed,2020-12-15,1,boolean,6
schools_closed,2020-12-15,1,boolean,7
schools_closed,2020-12-15,1,boolean,8
schools_closed,2020-12-15,1,boolean,9
schools_closed,2020-12-15,1,boolean,10
schools_closed,2020-12-15,1,boolean,11
schools_closed,2020-12-15,1,boolean,12
schools_closed,2020-12-15,1,boolean,13
schools_closed,2020-12-15,1,boolean,14
schools_closed,2020-12-15,1,boolean,15
schools_closed,2020-12-15,1,boolean,16
schools_closed,2020-12-15,1,boolean,17
schools_closed,2020-12-15,1,boolean,18
schools_closed,2020-12-15,1,boolean,19
schools_closed,2020-12-15,1,boolean,20
schools_closed,2020-12-15,1,boolean,21
schools_closed,2020-12-15,1,boolean,22
schools_closed,2020-12-15,1,boolean,23
schools_closed,2020-12-15,1,boolean,24
schools_closed,2020-12-15,1,boolean,25
workplace_distancing,2020-12-15,1,boolean,NA
community_distancing,2020-12-15,1,boolean,NA
schools_closed,2020-12-16,1,boolean,0
schools_closed,2020-12-16,1,boolean,1
schools_closed,2020-12-16,1,boolean,2
schools_closed,2020-12-16,1,boolean,3
schools_closed,2020-12-16,1,boolean,4
schools_closed,2020-12-16,1,boolean,5
schools_closed,2020-12-16,1,boolean,6
schools_closed,2020-12-16,1,boolean,7
schools_closed,2020-12-16,1,boolean,8
schools_closed,2020-12-16,1,boolean,9
schools_closed,2020-12-16,1,boolean,10
schools_closed,2020-12-16,1,boolean,11
schools_closed,2020-12-16,1,boolean,12
schools_closed,2020-12-16,1,boolean,13
schools_closed,2020-12-16,1,boolean,14
schools_closed,2020-12-16,1,boolean,15
schools_closed,2020-12-16,1,boolean,16
schools_closed,2020-12-16,1,boolean,17
schools_closed,2020-12-16,1,boolean,18
schools_closed,2020-12-16,1,boolean,19
schools_closed,2020-12-16,1,boolean,20
schools_closed,2020-12-16,1,boolean,21
schools_closed,2020-12-16,1,boolean,22
schools_closed,2020-12-16,1,boolean,23
schools_closed,2020-12-16,1,boolean,24
schools_closed,2020-12-16,1,boolean,25
workplace_distancing,2020-12-16,1,boolean,NA
community_distancing,2020-12-16,1,boolean,NA
schools_closed,2020-12-17,1,boolean,0
schools_closed,2020-12-17,1,boolean,1
schools_closed,2020-12-17,1,boolean,2
schools_closed,2020-12-17,1,boolean,3
schools_closed,2020-12-17,1,boolean,4
schools_closed,2020-12-17,1,boolean,5
schools_closed,2020-12-17,1,boolean,6
schools_closed,2020-12-17,1,boolean,7
schools_closed,2020-12-17,1,boolean,8
schools_closed,2020-12-17,1,boolean,9
schools_closed,2020-12-17,1,boolean,10
schools_closed,2020-12-17,1,boolean,11
schools_closed,2020-12-17,1,boolean,12
schools_closed,2020-12-17,1,boolean,13
schools_closed,2020-12-17,1,boolean,14
schools_closed,2020-12-17,1,boolean,15
schools_closed,2020-12-17,1,boolean,16
schools_closed,2020-12-17,1,boolean,17
schools_closed,2020-12-17,1,boolean,18
schools_closed,2020-12-17,1,boolean,19
schools_closed,2020-12-17,1,boolean,20
schools_closed,2020-12-17,1,boolean,21
schools_closed,2020-12-17,1,boolean,22
schools_closed,2020-12-17,1,boolean,23
schools_closed,2020-12-17,1,boolean,24
schools_closed,2020-12-17,1,boolean,25
workplace_distancing,2020-12-17,1,boolean,NA
community_distancing,2020-12-17,1,boolean,NA
schools_closed,2020-12-18,1,boolean,0
schools_closed,2020-12-18,1,boolean,1
schools_closed,2020-12-18,1,boolean,2
schools_closed,2020-12-18,1,boolean,3
schools_closed,2020-12-18,1,boolean,4
schools_closed,2020-12-18,1,boolean,5
schools_closed,2020-12-18,1,boolean,6
schools_closed,2020-12-18,1,boolean,7
schools_closed,2020-12-18,1,boolean,8
schools_closed,2020-12-18,1,boolean,9
schools_closed,2020-12-18,1,boolean,10
schools_closed,2020-12-18,1,boolean,11
schools_closed,2020-12-18,1,boolean,12
schools_closed,2020-12-18,1,boolean,13
schools_closed,2020-12-18,1,boolean,14
schools_closed,2020-12-18,1,boolean,15
schools_closed,2020-12-18,1,boolean,16
schools_closed,2020-12-18,1,boolean,17
schools_closed,2020-12-18,1,boolean,18
schools_closed,2020-12-18,1,boolean,19
schools_closed,2020-12-18,1,boolean,20
schools_closed,2020-12-18,1,boolean,21
schools_closed,2020-12-18,1,boolean,22
schools_closed,2020-12-18,1,boolean,23
schools_closed,2020-12-18,1,boolean,24
schools_closed,2020-12-18,1,boolean,25
workplace_distancing,2020-12-18,1,boolean,NA
community_distancing,2020-12-18,1,boolean,NA
schools_closed,2020-12-19,1,boolean,0
schools_closed,2020-12-19,1,boolean,1
schools_closed,2020-12-19,1,boolean,2
schools_closed,2020-12-19,1,boolean,3
schools_closed,2020-12-19,1,boolean,4
schools_closed,2020-12-19,1,boolean,5
schools_closed,2020-12-19,1,boolean,6
schools_closed,2020-12-19,1,boolean,7
schools_closed,2020-12-19,1,boolean,8
schools_closed,2020-12-19,1,boolean,9
schools_closed,2020-12-19,1,boolean,10
schools_closed,2020-12-19,1,boolean,11
schools_closed,2020-12-19,1,boolean,12
schools_closed,2020-12-19,1,boolean,13
schools_closed,2020-12-19,1,boolean,14
schools_closed,2020-12-19,1,boolean,15
schools_closed,2020-12-19,1,boolean,16
schools_closed,2020-12-19,1,boolean,17
schools_closed,2020-12-19,1,boolean,18
schools_closed,2020-12-19,1,boolean,19
schools_closed,2020-12-19,1,boolean,20
schools_closed,2020-12-19,1,boolean,21
schools_closed,2020-12-19,1,boolean,22
schools_closed,2020-12-19,1,boolean,23
schools_closed,2020-12-19,1,boolean,24
schools_closed,2020-12-19,1,boolean,25
workplace_distancing,2020-12-19,1,boolean,NA
community_distancing,2020-12-19,1,boolean,NA
schools_closed,2020-12-20,1,boolean,0
schools_closed,2020-12-20,1,boolean,1
schools_closed,2020-12-20,1,boolean,2
schools_closed,2020-12-20,1,boolean,3
schools_closed,2020-12-20,1,boolean,4
schools_closed,2020-12-20,1,boolean,5
schools_closed,2020-12-20,1,boolean,6
schools_closed,2020-12-20,1,boolean,7
schools_closed,2020-12-20,1,boolean,8
schools_closed,2020-12-20,1,boolean,9
schools_closed,2020-12-20,1,boolean,10
schools_closed,2020-12-20,1,boolean,11
schools_closed,2020-12-20,1,boolean,12
schools_closed,2020-12-20,1,boolean,13
schools_closed,2020-12-20,1,boolean,14
schools_closed,2020-12-20,1,boolean,15
schools_closed,2020-12-20,1,boolean,16
schools_closed,2020-12-20,1,boolean,17
schools_closed,2020-12-20,1,boolean,18
schools_closed,2020-12-20,1,boolean,19
schools_closed,2020-12-20,1,boolean,20
schools_closed,2020-12-20,1,boolean,21
schools_closed,2020-12-20,1,boolean,22
schools_closed,2020-12-20,1,boolean,23
schools_closed,2020-12-20,1,boolean,24
schools_closed,2020-12-20,1,boolean,25
workplace_distancing,2020-12-20,1,boolean,NA
community_distancing,2020-12-20,1,boolean,NA
schools_closed,2020-12-21,1,boolean,0
schools_closed,2020-12-21,1,boolean,1
schools_closed,2020-12-21,1,boolean,2
schools_closed,2020-12-21,1,boolean,3
schools_closed,2020-12-21,1,boolean,4
schools_closed,2020-12-21,1,boolean,5
schools_closed,2020-12-21,1,boolean,6
schools_closed,2020-12-21,1,boolean,7
schools_closed,2020-12-21,1,boolean,8
schools_closed,2020-12-21,1,boolean,9
schools_closed,2020-12-21,1,boolean,10
schools_closed,2020-12-21,1,boolean,11
schools_closed,2020-12-21,1,boolean,12
schools_closed,2020-12-21,1,boolean,13
schools_closed,2020-12-21,1,boolean,14
schools_closed,2020-12-21,1,boolean,15
schools_closed,2020-12-21,1,boolean,16
schools_closed,2020-12-21,1,boolean,17
schools_closed,2020-12-21,1,boolean,18
schools_closed,2020-12-21,1,boolean,19
schools_closed,2020-12-21,1,boolean,20
schools_closed,2020-12-21,1,boolean,21
schools_closed,2020-12-21,1,boolean,22
schools_closed,2020-12-21,1,boolean,23
schools_closed,2020-12-21,1,boolean,24
schools_closed,2020-12-21,1,boolean,25
workplace_distancing,2020-12-21,1,boolean,NA
community_distancing,2020-12-21,1,boolean,NA
schools_closed,2020-12-22,1,boolean,0
schools_closed,2020-12-22,1,boolean,1
schools_closed,2020-12-22,1,boolean,2
schools_closed,2020-12-22,1,boolean,3
schools_closed,2020-12-22,1,boolean,4
schools_closed,2020-12-22,1,boolean,5
schools_closed,2020-12-22,1,boolean,6
schools_closed,2020-12-22,1,boolean,7
schools_closed,2020-12-22,1,boolean,8
schools_closed,2020-12-22,1,boolean,9
schools_closed,2020-12-22,1,boolean,10
schools_closed,2020-12-22,1,boolean,11
schools_closed,2020-12-22,1,boolean,12
schools_closed,2020-12-22,1,boolean,13
schools_closed,2020-12-22,1,boolean,14
schools_closed,2020-12-22,1,boolean,15
schools_closed,2020-12-22,1,boolean,16
schools_closed,2020-12-22,1,boolean,17
schools_closed,2020-12-22,1,boolean,18
schools_closed,2020-12-22,1,boolean,19
schools_closed,2020-12-22,1,boolean,20
schools_closed,2020-12-22,1,boolean,21
schools_closed,2020-12-22,1,boolean,22
schools_closed,2020-12-22,1,boolean,23
schools_closed,2020-12-22,1,boolean,24
schools_closed,2020-12-22,1,boolean,25
workplace_distancing,2020-12-22,1,boolean,NA
community_distancing,2020-12-22,1,boolean,NA
schools_closed,2020-12-23,1,boolean,0
schools_closed,2020-12-23,1,boolean,1
schools_closed,2020-12-23,1,boolean,2
schools_closed,2020-12-23,1,boolean,3
schools_closed,2020-12-23,1,boolean,4
schools_closed,2020-12-23,1,boolean,5
schools_closed,2020-12-23,1,boolean,6
schools_closed,2020-12-23,1,boolean,7
schools_closed,2020-12-23,1,boolean,8
schools_closed,2020-12-23,1,boolean,9
schools_closed,2020-12-23,1,boolean,10
schools_closed,2020-12-23,1,boolean,11
schools_closed,2020-12-23,1,boolean,12
schools_closed,2020-12-23,1,boolean,13
schools_closed,2020-12-23,1,boolean,14
schools_closed,2020-12-23,1,boolean,15
schools_closed,2020-12-23,1,boolean,16
schools_closed,2020-12-23,1,boolean,17
schools_closed,2020-12-23,1,boolean,18
schools_closed,2020-12-23,1,boolean,19
schools_closed,2020-12-23,1,boolean,20
schools_closed,2020-12-23,1,boolean,21
schools_closed,2020-12-23,1,boolean,22
schools_closed,2020-12-23,1,boolean,23
schools_closed,2020-12-23,1,boolean,24
schools_closed,2020-12-23,1,boolean,25
workplace_distancing,2020-12-23,1,boolean,NA
community_distancing,2020-12-23,1,boolean,NA
schools_closed,2020-12-24,1,boolean,0
schools_closed,2020-12-24,1,boolean,1
schools_closed,2020-12-24,1,boolean,2
schools_closed,2020-12-24,1,boolean,3
schools_closed,2020-12-24,1,boolean,4
schools_closed,2020-12-24,1,boolean,5
schools_closed,2020-12-24,1,boolean,6
schools_closed,2020-12-24,1,boolean,7
schools_closed,2020-12-24,1,boolean,8
schools_closed,2020-12-24,1,boolean,9
schools_closed,2020-12-24,1,boolean,10
schools_closed,2020-12-24,1,boolean,11
schools_closed,2020-12-24,1,boolean,12
schools_closed,2020-12-24,1,boolean,13
schools_closed,2020-12-24,1,boolean,14
schools_closed,2020-12-24,1,boolean,15
schools_closed,2020-12-24,1,boolean,16
schools_closed,2020-12-24,1,boolean,17
schools_closed,2020-12-24,1,boolean,18
schools_closed,2020-12-24,1,boolean,19
schools_closed,2020-12-24,1,boolean,20
schools_closed,2020-12-24,1,boolean,21
schools_closed,2020-12-24,1,boolean,22
schools_closed,2020-12-24,1,boolean,23
schools_closed,2020-12-24,1,boolean,24
schools_closed,2020-12-24,1,boolean,25
workplace_distancing,2020-12-24,1,boolean,NA
community_distancing,2020-12-24,1,boolean,NA
schools_closed,2020-12-25,1,boolean,0
schools_closed,2020-12-25,1,boolean,1
schools_closed,2020-12-25,1,boolean,2
schools_closed,2020-12-25,1,boolean,3
schools_closed,2020-12-25,1,boolean,4
schools_closed,2020-12-25,1,boolean,5
schools_closed,2020-12-25,1,boolean,6
schools_closed,2020-12-25,1,boolean,7
schools_closed,2020-12-25,1,boolean,8
schools_closed,2020-12-25,1,boolean,9
schools_closed,2020-12-25,1,boolean,10
schools_closed,2020-12-25,1,boolean,11
schools_closed,2020-12-25,1,boolean,12
schools_closed,2020-12-25,1,boolean,13
schools_closed,2020-12-25,1,boolean,14
schools_closed,2020-12-25,1,boolean,15
schools_closed,2020-12-25,1,boolean,16
schools_closed,2020-12-25,1,boolean,17
schools_closed,2020-12-25,1,boolean,18
schools_closed,2020-12-25,1,boolean,19
schools_closed,2020-12-25,1,boolean,20
schools_closed,2020-12-25,1,boolean,21
schools_closed,2020-12-25,1,boolean,22
schools_closed,2020-12-25,1,boolean,23
schools_closed,2020-12-25,1,boolean,24
schools_closed,2020-12-25,1,boolean,25
workplace_distancing,2020-12-25,1,boolean,NA
community_distancing,2020-12-25,1,boolean,NA
schools_closed,2020-12-26,1,boolean,0
schools_closed,2020-12-26,1,boolean,1
schools_closed,2020-12-26,1,boolean,2
schools_closed,2020-12-26,1,boolean,3
schools_closed,2020-12-26,1,boolean,4
schools_closed,2020-12-26,1,boolean,5
schools_closed,2020-12-26,1,boolean,6
schools_closed,2020-12-26,1,boolean,7
schools_closed,2020-12-26,1,boolean,8
schools_closed,2020-12-26,1,boolean,9
schools_closed,2020-12-26,1,boolean,10
schools_closed,2020-12-26,1,boolean,11
schools_closed,2020-12-26,1,boolean,12
schools_closed,2020-12-26,1,boolean,13
schools_closed,2020-12-26,1,boolean,14
schools_closed,2020-12-26,1,boolean,15
schools_closed,2020-12-26,1,boolean,16
schools_closed,2020-12-26,1,boolean,17
schools_closed,2020-12-26,1,boolean,18
schools_closed,2020-12-26,1,boolean,19
schools_closed,2020-12-26,1,boolean,20
schools_closed,2020-12-26,1,boolean,21
schools_closed,2020-12-26,1,boolean,22
schools_closed,2020-12-26,1,boolean,23
schools_closed,2020-12-26,1,boolean,24
schools_closed,2020-12-26,1,boolean,25
workplace_distancing,2020-12-26,1,boolean,NA
community_distancing,2020-12-26,1,boolean,NA
schools_closed,2020-12-27,1,boolean,0
schools_closed,2020-12-27,1,boolean,1
schools_closed,2020-12-27,1,boolean,2
schools_closed,2020-12-27,1,boolean,3
schools_closed,2020-12-27,1,boolean,4
schools_closed,2020-12-27,1,boolean,5
schools_closed,2020-12-27,1,boolean,6
schools_closed,2020-12-27,1,boolean,7
schools_closed,2020-12-27,1,boolean,8
schools_closed,2020-12-27,1,boolean,9
schools_closed,2020-12-27,1,boolean,10
schools_closed,2020-12-27,1,boolean,11
schools_closed,2020-12-27,1,boolean,12
schools_closed,2020-12-27,1,boolean,13
schools_closed,2020-12-27,1,boolean,14
schools_closed,2020-12-27,1,boolean,15
schools_closed,2020-12-27,1,boolean,16
schools_closed,2020-12-27,1,boolean,17
schools_closed,2020-12-27,1,boolean,18
schools_closed,2020-12-27,1,boolean,19
schools_closed,2020-12-27,1,boolean,20
schools_closed,2020-12-27,1,boolean,21
schools_closed,2020-12-27,1,boolean,22
schools_closed,2020-12-27,1,boolean,23
schools_closed,2020-12-27,1,boolean,24
schools_closed,2020-12-27,1,boolean,25
workplace_distancing,2020-12-27,1,boolean,NA
community_distancing,2020-12-27,1,boolean,NA
schools_closed,2020-12-28,1,boolean,0
schools_closed,2020-12-28,1,boolean,1
schools_closed,2020-12-28,1,boolean,2
schools_closed,2020-12-28,1,boolean,3
schools_closed,2020-12-28,1,boolean,4
schools_closed,2020-12-28,1,boolean,5
schools_closed,2020-12-28,1,boolean,6
schools_closed,2020-12-28,1,boolean,7
schools_closed,2020-12-28,1,boolean,8
schools_closed,2020-12-28,1,boolean,9
schools_closed,2020-12-28,1,boolean,10
schools_closed,2020-12-28,1,boolean,11
schools_closed,2020-12-28,1,boolean,12
schools_closed,2020-12-28,1,boolean,13
schools_closed,2020-12-28,1,boolean,14
schools_closed,2020-12-28,1,boolean,15
schools_closed,2020-12-28,1,boolean,16
schools_closed,2020-12-28,1,boolean,17
schools_closed,2020-12-28,1,boolean,18
schools_closed,2020-12-28,1,boolean,19
schools_closed,2020-12-28,1,boolean,20
schools_closed,2020-12-28,1,boolean,21
schools_closed,2020-12-28,1,boolean,22
schools_closed,2020-12-28,1,boolean,23
schools_closed,2020-12-28,1,boolean,24
schools_closed,2020-12-28,1,boolean,25
workplace_distancing,2020-12-28,1,boolean,NA
community_distancing,2020-12-28,1,boolean,NA
schools_closed,2020-12-29,1,boolean,0
schools_closed,2020-12-29,1,boolean,1
schools_closed,2020-12-29,1,boolean,2
schools_closed,2020-12-29,1,boolean,3
schools_closed,2020-12-29,1,boolean,4
schools_closed,2020-12-29,1,boolean,5
schools_closed,2020-12-29,1,boolean,6
schools_closed,2020-12-29,1,boolean,7
schools_closed,2020-12-29,1,boolean,8
schools_closed,2020-12-29,1,boolean,9
schools_closed,2020-12-29,1,boolean,10
schools_closed,2020-12-29,1,boolean,11
schools_closed,2020-12-29,1,boolean,12
schools_closed,2020-12-29,1,boolean,13
schools_closed,2020-12-29,1,boolean,14
schools_closed,2020-12-29,1,boolean,15
schools_closed,2020-12-29,1,boolean,16
schools_closed,2020-12-29,1,boolean,17
schools_closed,2020-12-29,1,boolean,18
schools_closed,2020-12-29,1,boolean,19
schools_closed,2020-12-29,1,boolean,20
schools_closed,2020-12-29,1,boolean,21
schools_closed,2020-12-29,1,boolean,22
schools_closed,2020-12-29,1,boolean,23
schools_closed,2020-12-29,1,boolean,24
schools_closed,2020-12-29,1,boolean,25
workplace_distancing,2020-12-29,1,boolean,NA
community_distancing,2020-12-29,1,boolean,NA
schools_closed,2020-12-30,1,boolean,0
schools_closed,2020-12-30,1,boolean,1
schools_closed,2020-12-30,1,boolean,2
schools_closed,2020-12-30,1,boolean,3
schools_closed,2020-12-30,1,boolean,4
schools_closed,2020-12-30,1,boolean,5
schools_closed,2020-12-30,1,boolean,6
schools_closed,2020-12-30,1,boolean,7
schools_closed,2020-12-30,1,boolean,8
schools_closed,2020-12-30,1,boolean,9
schools_closed,2020-12-30,1,boolean,10
schools_closed,2020-12-30,1,boolean,11
schools_closed,2020-12-30,1,boolean,12
schools_closed,2020-12-30,1,boolean,13
schools_closed,2020-12-30,1,boolean,14
schools_closed,2020-12-30,1,boolean,15
schools_closed,2020-12-30,1,boolean,16
schools_closed,2020-12-30,1,boolean,17
schools_closed,2020-12-30,1,boolean,18
schools_closed,2020-12-30,1,boolean,19
schools_closed,2020-12-30,1,boolean,20
schools_closed,2020-12-30,1,boolean,21
schools_closed,2020-12-30,1,boolean,22
schools_closed,2020-12-30,1,boolean,23
schools_closed,2020-12-30,1,boolean,24
schools_closed,2020-12-30,1,boolean,25
workplace_distancing,2020-12-30,1,boolean,NA
community_distancing,2020-12-30,1,boolean,NA
schools_closed,2020-12-31,1,boolean,0
schools_closed,2020-12-31,1,boolean,1
schools_closed,2020-12-31,1,boolean,2
schools_closed,2020-12-31,1,boolean,3
schools_closed,2020-12-31,1,boolean,4
schools_closed,2020-12-31,1,boolean,5
schools_closed,2020-12-31,1,boolean,6
schools_closed,2020-12-31,1,boolean,7
schools_closed,2020-12-31,1,boolean,8
schools_closed,2020-12-31,1,boolean,9
schools_closed,2020-12-31,1,boolean,10
schools_closed,2020-12-31,1,boolean,11
schools_closed,2020-12-31,1,boolean,12
schools_closed,2020-12-31,1,boolean,13
schools_closed,2020-12-31,1,boolean,14
schools_closed,2020-12-31,1,boolean,15
schools_closed,2020-12-31,1,boolean,16
schools_closed,2020-12-31,1,boolean,17
schools_closed,2020-12-31,1,boolean,18
schools_closed,2020-12-31,1,boolean,19
schools_closed,2020-12-31,1,boolean,20
schools_closed,2020-12-31,1,boolean,21
schools_closed,2020-12-31,1,boolean,22
schools_closed,2020-12-31,1,boolean,23
schools_closed,2020-12-31,1,boolean,24
schools_closed,2020-12-31,1,boolean,25
workplace_distancing,2020-12-31,1,boolean,NA
community_distancing,2020-12-31,1,boolean,NA
schools_closed,2021-01-01,1,boolean,0
schools_closed,2021-01-01,1,boolean,1
schools_closed,2021-01-01,1,boolean,2
schools_closed,2021-01-01,1,boolean,3
schools_closed,2021-01-01,1,boolean,4
schools_closed,2021-01-01,1,boolean,5
schools_closed,2021-01-01,1,boolean,6
schools_closed,2021-01-01,1,boolean,7
schools_closed,2021-01-01,1,boolean,8
schools_closed,2021-01-01,1,boolean,9
schools_closed,2021-01-01,1,boolean,10
schools_closed,2021-01-01,1,boolean,11
schools_closed,2021-01-01,1,boolean,12
schools_closed,2021-01-01,1,boolean,13
schools_closed,2021-01-01,1,boolean,14
schools_closed,2021-01-01,1,boolean,15
schools_closed,2021-01-01,1,boolean,16
schools_closed,2021-01-01,1,boolean,17
schools_closed,2021-01-01,1,boolean,18
schools_closed,2021-01-01,1,boolean,19
schools_closed,2021-01-01,1,boolean,20
schools_closed,2021-01-01,1,boolean,21
schools_closed,2021-01-01,1,boolean,22
schools_closed,2021-01-01,1,boolean,23
schools_closed,2021-01-01,1,boolean,24
schools_closed,2021-01-01,1,boolean,25
workplace_distancing,2021-01-01,1,boolean,NA
community_distancing,2021-01-01,1,boolean,NA
schools_closed,2021-01-02,1,boolean,0
schools_closed,2021-01-02,1,boolean,1
schools_closed,2021-01-02,1,boolean,2
schools_closed,2021-01-02,1,boolean,3
schools_closed,2021-01-02,1,boolean,4
schools_closed,2021-01-02,1,boolean,5
schools_closed,2021-01-02,1,boolean,6
schools_closed,2021-01-02,1,boolean,7
schools_closed,2021-01-02,1,boolean,8
schools_closed,2021-01-02,1,boolean,9
schools_closed,2021-01-02,1,boolean,10
schools_closed,2021-01-02,1,boolean,11
schools_closed,2021-01-02,1,boolean,12
schools_closed,2021-01-02,1,boolean,13
schools_closed,2021-01-02,1,boolean,14
schools_closed,2021-01-02,1,boolean,15
schools_closed,2021-01-02,1,boolean,16
schools_closed,2021-01-02,1,boolean,17
schools_closed,2021-01-02,1,boolean,18
schools_closed,2021-01-02,1,boolean,19
schools_closed,2021-01-02,1,boolean,20
schools_closed,2021-01-02,1,boolean,21
schools_closed,2021-01-02,1,boolean,22
schools_closed,2021-01-02,1,boolean,23
schools_closed,2021-01-02,1,boolean,24
schools_closed,2021-01-02,1,boolean,25
workplace_distancing,2021-01-02,1,boolean,NA
community_distancing,2021-01-02,1,boolean,NA
schools_closed,2021-01-03,1,boolean,0
schools_closed,2021-01-03,1,boolean,1
schools_closed,2021-01-03,1,boolean,2
schools_closed,2021-01-03,1,boolean,3
schools_closed,2021-01-03,1,boolean,4
schools_closed,2021-01-03,1,boolean,5
schools_closed,2021-01-03,1,boolean,6
schools_closed,2021-01-03,1,boolean,7
schools_closed,2021-01-03,1,boolean,8
schools_closed,2021-01-03,1,boolean,9
schools_closed,2021-01-03,1,boolean,10
schools_closed,2021-01-03,1,boolean,11
schools_closed,2021-01-03,1,boolean,12
schools_closed,2021-01-03,1,boolean,13
schools_closed,2021-01-03,1,boolean,14
schools_closed,2021-01-03,1,boolean,15
schools_closed,2021-01-03,1,boolean,16
schools_closed,2021-01-03,1,boolean,17
schools_closed,2021-01-03,1,boolean,18
schools_closed,2021-01-03,1,boolean,19
schools_closed,2021-01-03,1,boolean,20
schools_closed,2021-01-03,1,boolean,21
schools_closed,2021-01-03,1,boolean,22
schools_closed,2021-01-03,1,boolean,23
schools_closed,2021-01-03,1,boolean,24
schools_closed,2021-01-03,1,boolean,25
workplace_distancing,2021-01-03,1,boolean,NA
community_distancing,2021-01-03,1,boolean,NA
schools_closed,2021-01-04,1,boolean,0
schools_closed,2021-01-04,1,boolean,1
schools_closed,2021-01-04,1,boolean,2
schools_closed,2021-01-04,1,boolean,3
schools_closed,2021-01-04,1,boolean,4
schools_closed,2021-01-04,1,boolean,5
schools_closed,2021-01-04,1,boolean,6
schools_closed,2021-01-04,1,boolean,7
schools_closed,2021-01-04,1,boolean,8
schools_closed,2021-01-04,1,boolean,9
schools_closed,2021-01-04,1,boolean,10
schools_closed,2021-01-04,1,boolean,11
schools_closed,2021-01-04,1,boolean,12
schools_closed,2021-01-04,1,boolean,13
schools_closed,2021-01-04,1,boolean,14
schools_closed,2021-01-04,1,boolean,15
schools_closed,2021-01-04,1,boolean,16
schools_closed,2021-01-04,1,boolean,17
schools_closed,2021-01-04,1,boolean,18
schools_closed,2021-01-04,1,boolean,19
schools_closed,2021-01-04,1,boolean,20
schools_closed,2021-01-04,1,boolean,21
schools_closed,2021-01-04,1,boolean,22
schools_closed,2021-01-04,1,boolean,23
schools_closed,2021-01-04,1,boolean,24
schools_closed,2021-01-04,1,boolean,25
workplace_distancing,2021-01-04,1,boolean,NA
community_distancing,2021-01-04,1,boolean,NA
schools_closed,2021-01-05,1,boolean,0
schools_closed,2021-01-05,1,boolean,1
schools_closed,2021-01-05,1,boolean,2
schools_closed,2021-01-05,1,boolean,3
schools_closed,2021-01-05,1,boolean,4
schools_closed,2021-01-05,1,boolean,5
schools_closed,2021-01-05,1,boolean,6
schools_closed,2021-01-05,1,boolean,7
schools_closed,2021-01-05,1,boolean,8
schools_closed,2021-01-05,1,boolean,9
schools_closed,2021-01-05,1,boolean,10
schools_closed,2021-01-05,1,boolean,11
schools_closed,2021-01-05,1,boolean,12
schools_closed,2021-01-05,1,boolean,13
schools_closed,2021-01-05,1,boolean,14
schools_closed,2021-01-05,1,boolean,15
schools_closed,2021-01-05,1,boolean,16
schools_closed,2021-01-05,1,boolean,17
schools_closed,2021-01-05,1,boolean,18
schools_closed,2021-01-05,1,boolean,19
schools_closed,2021-01-05,1,boolean,20
schools_closed,2021-01-05,1,boolean,21
schools_closed,2021-01-05,1,boolean,22
schools_closed,2021-01-05,1,boolean,23
schools_closed,2021-01-05,1,boolean,24
schools_closed,2021-01-05,1,boolean,25
workplace_distancing,2021-01-05,1,boolean,NA
community_distancing,2021-01-05,1,boolean,NA
schools_closed,2021-01-06,1,boolean,0
schools_closed,2021-01-06,1,boolean,1
schools_closed,2021-01-06,1,boolean,2
schools_closed,2021-01-06,1,boolean,3
schools_closed,2021-01-06,1,boolean,4
schools_closed,2021-01-06,1,boolean,5
schools_closed,2021-01-06,1,boolean,6
schools_closed,2021-01-06,1,boolean,7
schools_closed,2021-01-06,1,boolean,8
schools_closed,2021-01-06,1,boolean,9
schools_closed,2021-01-06,1,boolean,10
schools_closed,2021-01-06,1,boolean,11
schools_closed,2021-01-06,1,boolean,12
schools_closed,2021-01-06,1,boolean,13
schools_closed,2021-01-06,1,boolean,14
schools_closed,2021-01-06,1,boolean,15
schools_closed,2021-01-06,1,boolean,16
schools_closed,2021-01-06,1,boolean,17
schools_closed,2021-01-06,1,boolean,18
schools_closed,2021-01-06,1,boolean,19
schools_closed,2021-01-06,1,boolean,20
schools_closed,2021-01-06,1,boolean,21
schools_closed,2021-01-06,1,boolean,22
schools_closed,2021-01-06,1,boolean,23
schools_closed,2021-01-06,1,boolean,24
schools_closed,2021-01-06,1,boolean,25
workplace_distancing,2021-01-06,1,boolean,NA
community_distancing,2021-01-06,1,boolean,NA
schools_closed,2021-01-07,1,boolean,0
schools_closed,2021-01-07,1,boolean,1
schools_closed,2021-01-07,1,boolean,2
schools_closed,2021-01-07,1,boolean,3
schools_closed,2021-01-07,1,boolean,4
schools_closed,2021-01-07,1,boolean,5
schools_closed,2021-01-07,1,boolean,6
schools_closed,2021-01-07,1,boolean,7
schools_closed,2021-01-07,1,boolean,8
schools_closed,2021-01-07,1,boolean,9
schools_closed,2021-01-07,1,boolean,10
schools_closed,2021-01-07,1,boolean,11
schools_closed,2021-01-07,1,boolean,12
schools_closed,2021-01-07,1,boolean,13
schools_closed,2021-01-07,1,boolean,14
schools_closed,2021-01-07,1,boolean,15
schools_closed,2021-01-07,1,boolean,16
schools_closed,2021-01-07,1,boolean,17
schools_closed,2021-01-07,1,boolean,18
schools_closed,2021-01-07,1,boolean,19
schools_closed,2021-01-07,1,boolean,20
schools_closed,2021-01-07,1,boolean,21
schools_closed,2021-01-07,1,boolean,22
schools_closed,2021-01-07,1,boolean,23
schools_closed,2021-01-07,1,boolean,24
schools_closed,2021-01-07,1,boolean,25
workplace_distancing,2021-01-07,1,boolean,NA
community_distancing,2021-01-07,1,boolean,NA
schools_closed,2021-01-08,1,boolean,0
schools_closed,2021-01-08,1,boolean,1
schools_closed,2021-01-08,1,boolean,2
schools_closed,2021-01-08,1,boolean,3
schools_closed,2021-01-08,1,boolean,4
schools_closed,2021-01-08,1,boolean,5
schools_closed,2021-01-08,1,boolean,6
schools_closed,2021-01-08,1,boolean,7
schools_closed,2021-01-08,1,boolean,8
schools_closed,2021-01-08,1,boolean,9
schools_closed,2021-01-08,1,boolean,10
schools_closed,2021-01-08,1,boolean,11
schools_closed,2021-01-08,1,boolean,12
schools_closed,2021-01-08,1,boolean,13
schools_closed,2021-01-08,1,boolean,14
schools_closed,2021-01-08,1,boolean,15
schools_closed,2021-01-08,1,boolean,16
schools_closed,2021-01-08,1,boolean,17
schools_closed,2021-01-08,1,boolean,18
schools_closed,2021-01-08,1,boolean,19
schools_closed,2021-01-08,1,boolean,20
schools_closed,2021-01-08,1,boolean,21
schools_closed,2021-01-08,1,boolean,22
schools_closed,2021-01-08,1,boolean,23
schools_closed,2021-01-08,1,boolean,24
schools_closed,2021-01-08,1,boolean,25
workplace_distancing,2021-01-08,1,boolean,NA
community_distancing,2021-01-08,1,boolean,NA
schools_closed,2021-01-09,1,boolean,0
schools_closed,2021-01-09,1,boolean,1
schools_closed,2021-01-09,1,boolean,2
schools_closed,2021-01-09,1,boolean,3
schools_closed,2021-01-09,1,boolean,4
schools_closed,2021-01-09,1,boolean,5
schools_closed,2021-01-09,1,boolean,6
schools_closed,2021-01-09,1,boolean,7
schools_closed,2021-01-09,1,boolean,8
schools_closed,2021-01-09,1,boolean,9
schools_closed,2021-01-09,1,boolean,10
schools_closed,2021-01-09,1,boolean,11
schools_closed,2021-01-09,1,boolean,12
schools_closed,2021-01-09,1,boolean,13
schools_closed,2021-01-09,1,boolean,14
schools_closed,2021-01-09,1,boolean,15
schools_closed,2021-01-09,1,boolean,16
schools_closed,2021-01-09,1,boolean,17
schools_closed,2021-01-09,1,boolean,18
schools_closed,2021-01-09,1,boolean,19
schools_closed,2021-01-09,1,boolean,20
schools_closed,2021-01-09,1,boolean,21
schools_closed,2021-01-09,1,boolean,22
schools_closed,2021-01-09,1,boolean,23
schools_closed,2021-01-09,1,boolean,24
schools_closed,2021-01-09,1,boolean,25
workplace_distancing,2021-01-09,1,boolean,NA
community_distancing,2021-01-09,1,boolean,NA
schools_closed,2021-01-10,1,boolean,0
schools_closed,2021-01-10,1,boolean,1
schools_closed,2021-01-10,1,boolean,2
schools_closed,2021-01-10,1,boolean,3
schools_closed,2021-01-10,1,boolean,4
schools_closed,2021-01-10,1,boolean,5
schools_closed,2021-01-10,1,boolean,6
schools_closed,2021-01-10,1,boolean,7
schools_closed,2021-01-10,1,boolean,8
schools_closed,2021-01-10,1,boolean,9
schools_closed,2021-01-10,1,boolean,10
schools_closed,2021-01-10,1,boolean,11
schools_closed,2021-01-10,1,boolean,12
schools_closed,2021-01-10,1,boolean,13
schools_closed,2021-01-10,1,boolean,14
schools_closed,2021-01-10,1,boolean,15
schools_closed,2021-01-10,1,boolean,16
schools_closed,2021-01-10,1,boolean,17
schools_closed,2021-01-10,1,boolean,18
schools_closed,2021-01-10,1,boolean,19
schools_closed,2021-01-10,1,boolean,20
schools_closed,2021-01-10,1,boolean,21
schools_closed,2021-01-10,1,boolean,22
schools_closed,2021-01-10,1,boolean,23
schools_closed,2021-01-10,1,boolean,24
schools_closed,2021-01-10,1,boolean,25
workplace_distancing,2021-01-10,1,boolean,NA
community_distancing,2021-01-10,1,boolean,NA
schools_closed,2021-01-11,1,boolean,0
schools_closed,2021-01-11,1,boolean,1
schools_closed,2021-01-11,1,boolean,2
schools_closed,2021-01-11,1,boolean,3
schools_closed,2021-01-11,1,boolean,4
schools_closed,2021-01-11,1,boolean,5
schools_closed,2021-01-11,1,boolean,6
schools_closed,2021-01-11,1,boolean,7
schools_closed,2021-01-11,1,boolean,8
schools_closed,2021-01-11,1,boolean,9
schools_closed,2021-01-11,1,boolean,10
schools_closed,2021-01-11,1,boolean,11
schools_closed,2021-01-11,1,boolean,12
schools_closed,2021-01-11,1,boolean,13
schools_closed,2021-01-11,1,boolean,14
schools_closed,2021-01-11,1,boolean,15
schools_closed,2021-01-11,1,boolean,16
schools_closed,2021-01-11,1,boolean,17
schools_closed,2021-01-11,1,boolean,18
schools_closed,2021-01-11,1,boolean,19
schools_closed,2021-01-11,1,boolean,20
schools_closed,2021-01-11,1,boolean,21
schools_closed,2021-01-11,1,boolean,22
schools_closed,2021-01-11,1,boolean,23
schools_closed,2021-01-11,1,boolean,24
schools_closed,2021-01-11,1,boolean,25
workplace_distancing,2021-01-11,1,boolean,NA
community_distancing,2021-01-11,1,boolean,NA
schools_closed,2021-01-12,1,boolean,0
schools_closed,2021-01-12,1,boolean,1
schools_closed,2021-01-12,1,boolean,2
schools_closed,2021-01-12,1,boolean,3
schools_closed,2021-01-12,1,boolean,4
schools_closed,2021-01-12,1,boolean,5
schools_closed,2021-01-12,1,boolean,6
schools_closed,2021-01-12,1,boolean,7
schools_closed,2021-01-12,1,boolean,8
schools_closed,2021-01-12,1,boolean,9
schools_closed,2021-01-12,1,boolean,10
schools_closed,2021-01-12,1,boolean,11
schools_closed,2021-01-12,1,boolean,12
schools_closed,2021-01-12,1,boolean,13
schools_closed,2021-01-12,1,boolean,14
schools_closed,2021-01-12,1,boolean,15
schools_closed,2021-01-12,1,boolean,16
schools_closed,2021-01-12,1,boolean,17
schools_closed,2021-01-12,1,boolean,18
schools_closed,2021-01-12,1,boolean,19
schools_closed,2021-01-12,1,boolean,20
schools_closed,2021-01-12,1,boolean,21
schools_closed,2021-01-12,1,boolean,22
schools_closed,2021-01-12,1,boolean,23
schools_closed,2021-01-12,1,boolean,24
schools_closed,2021-01-12,1,boolean,25
workplace_distancing,2021-01-12,1,boolean,NA
community_distancing,2021-01-12,1,boolean,NA
schools_closed,2021-01-13,1,boolean,0
schools_closed,2021-01-13,1,boolean,1
schools_closed,2021-01-13,1,boolean,2
schools_closed,2021-01-13,1,boolean,3
schools_closed,2021-01-13,1,boolean,4
schools_closed,2021-01-13,1,boolean,5
schools_closed,2021-01-13,1,boolean,6
schools_closed,2021-01-13,1,boolean,7
schools_closed,2021-01-13,1,boolean,8
schools_closed,2021-01-13,1,boolean,9
schools_closed,2021-01-13,1,boolean,10
schools_closed,2021-01-13,1,boolean,11
schools_closed,2021-01-13,1,boolean,12
schools_closed,2021-01-13,1,boolean,13
schools_closed,2021-01-13,1,boolean,14
schools_closed,2021-01-13,1,boolean,15
schools_closed,2021-01-13,1,boolean,16
schools_closed,2021-01-13,1,boolean,17
schools_closed,2021-01-13,1,boolean,18
schools_closed,2021-01-13,1,boolean,19
schools_closed,2021-01-13,1,boolean,20
schools_closed,2021-01-13,1,boolean,21
schools_closed,2021-01-13,1,boolean,22
schools_closed,2021-01-13,1,boolean,23
schools_closed,2021-01-13,1,boolean,24
schools_closed,2021-01-13,1,boolean,25
workplace_distancing,2021-01-13,1,boolean,NA
community_distancing,2021-01-13,1,boolean,NA
schools_closed,2021-01-14,1,boolean,0
schools_closed,2021-01-14,1,boolean,1
schools_closed,2021-01-14,1,boolean,2
schools_closed,2021-01-14,1,boolean,3
schools_closed,2021-01-14,1,boolean,4
schools_closed,2021-01-14,1,boolean,5
schools_closed,2021-01-14,1,boolean,6
schools_closed,2021-01-14,1,boolean,7
schools_closed,2021-01-14,1,boolean,8
schools_closed,2021-01-14,1,boolean,9
schools_closed,2021-01-14,1,boolean,10
schools_closed,2021-01-14,1,boolean,11
schools_closed,2021-01-14,1,boolean,12
schools_closed,2021-01-14,1,boolean,13
schools_closed,2021-01-14,1,boolean,14
schools_closed,2021-01-14,1,boolean,15
schools_closed,2021-01-14,1,boolean,16
schools_closed,2021-01-14,1,boolean,17
schools_closed,2021-01-14,1,boolean,18
schools_closed,2021-01-14,1,boolean,19
schools_closed,2021-01-14,1,boolean,20
schools_closed,2021-01-14,1,boolean,21
schools_closed,2021-01-14,1,boolean,22
schools_closed,2021-01-14,1,boolean,23
schools_closed,2021-01-14,1,boolean,24
schools_closed,2021-01-14,1,boolean,25
workplace_distancing,2021-01-14,1,boolean,NA
community_distancing,2021-01-14,1,boolean,NA
schools_closed,2021-01-15,1,boolean,0
schools_closed,2021-01-15,1,boolean,1
schools_closed,2021-01-15,1,boolean,2
schools_closed,2021-01-15,1,boolean,3
schools_closed,2021-01-15,1,boolean,4
schools_closed,2021-01-15,1,boolean,5
schools_closed,2021-01-15,1,boolean,6
schools_closed,2021-01-15,1,boolean,7
schools_closed,2021-01-15,1,boolean,8
schools_closed,2021-01-15,1,boolean,9
schools_closed,2021-01-15,1,boolean,10
schools_closed,2021-01-15,1,boolean,11
schools_closed,2021-01-15,1,boolean,12
schools_closed,2021-01-15,1,boolean,13
schools_closed,2021-01-15,1,boolean,14
schools_closed,2021-01-15,1,boolean,15
schools_closed,2021-01-15,1,boolean,16
schools_closed,2021-01-15,1,boolean,17
schools_closed,2021-01-15,1,boolean,18
schools_closed,2021-01-15,1,boolean,19
schools_closed,2021-01-15,1,boolean,20
schools_closed,2021-01-15,1,boolean,21
schools_closed,2021-01-15,1,boolean,22
schools_closed,2021-01-15,1,boolean,23
schools_closed,2021-01-15,1,boolean,24
schools_closed,2021-01-15,1,boolean,25
workplace_distancing,2021-01-15,1,boolean,NA
community_distancing,2021-01-15,1,boolean,NA
schools_closed,2021-01-16,1,boolean,0
schools_closed,2021-01-16,1,boolean,1
schools_closed,2021-01-16,1,boolean,2
schools_closed,2021-01-16,1,boolean,3
schools_closed,2021-01-16,1,boolean,4
schools_closed,2021-01-16,1,boolean,5
schools_closed,2021-01-16,1,boolean,6
schools_closed,2021-01-16,1,boolean,7
schools_closed,2021-01-16,1,boolean,8
schools_closed,2021-01-16,1,boolean,9
schools_closed,2021-01-16,1,boolean,10
schools_closed,2021-01-16,1,boolean,11
schools_closed,2021-01-16,1,boolean,12
schools_closed,2021-01-16,1,boolean,13
schools_closed,2021-01-16,1,boolean,14
schools_closed,2021-01-16,1,boolean,15
schools_closed,2021-01-16,1,boolean,16
schools_closed,2021-01-16,1,boolean,17
schools_closed,2021-01-16,1,boolean,18
schools_closed,2021-01-16,1,boolean,19
schools_closed,2021-01-16,1,boolean,20
schools_closed,2021-01-16,1,boolean,21
schools_closed,2021-01-16,1,boolean,22
schools_closed,2021-01-16,1,boolean,23
schools_closed,2021-01-16,1,boolean,24
schools_closed,2021-01-16,1,boolean,25
workplace_distancing,2021-01-16,1,boolean,NA
community_distancing,2021-01-16,1,boolean,NA
schools_closed,2021-01-17,1,boolean,0
schools_closed,2021-01-17,1,boolean,1
schools_closed,2021-01-17,1,boolean,2
schools_closed,2021-01-17,1,boolean,3
schools_closed,2021-01-17,1,boolean,4
schools_closed,2021-01-17,1,boolean,5
schools_closed,2021-01-17,1,boolean,6
schools_closed,2021-01-17,1,boolean,7
schools_closed,2021-01-17,1,boolean,8
schools_closed,2021-01-17,1,boolean,9
schools_closed,2021-01-17,1,boolean,10
schools_closed,2021-01-17,1,boolean,11
schools_closed,2021-01-17,1,boolean,12
schools_closed,2021-01-17,1,boolean,13
schools_closed,2021-01-17,1,boolean,14
schools_closed,2021-01-17,1,boolean,15
schools_closed,2021-01-17,1,boolean,16
schools_closed,2021-01-17,1,boolean,17
schools_closed,2021-01-17,1,boolean,18
schools_closed,2021-01-17,1,boolean,19
schools_closed,2021-01-17,1,boolean,20
schools_closed,2021-01-17,1,boolean,21
schools_closed,2021-01-17,1,boolean,22
schools_closed,2021-01-17,1,boolean,23
schools_closed,2021-01-17,1,boolean,24
schools_closed,2021-01-17,1,boolean,25
workplace_distancing,2021-01-17,1,boolean,NA
community_distancing,2021-01-17,1,boolean,NA
schools_closed,2021-01-18,1,boolean,0
schools_closed,2021-01-18,1,boolean,1
schools_closed,2021-01-18,1,boolean,2
schools_closed,2021-01-18,1,boolean,3
schools_closed,2021-01-18,1,boolean,4
schools_closed,2021-01-18,1,boolean,5
schools_closed,2021-01-18,1,boolean,6
schools_closed,2021-01-18,1,boolean,7
schools_closed,2021-01-18,1,boolean,8
schools_closed,2021-01-18,1,boolean,9
schools_closed,2021-01-18,1,boolean,10
schools_closed,2021-01-18,1,boolean,11
schools_closed,2021-01-18,1,boolean,12
schools_closed,2021-01-18,1,boolean,13
schools_closed,2021-01-18,1,boolean,14
schools_closed,2021-01-18,1,boolean,15
schools_closed,2021-01-18,1,boolean,16
schools_closed,2021-01-18,1,boolean,17
schools_closed,2021-01-18,1,boolean,18
schools_closed,2021-01-18,1,boolean,19
schools_closed,2021-01-18,1,boolean,20
schools_closed,2021-01-18,1,boolean,21
schools_closed,2021-01-18,1,boolean,22
schools_closed,2021-01-18,1,boolean,23
schools_closed,2021-01-18,1,boolean,24
schools_closed,2021-01-18,1,boolean,25
workplace_distancing,2021-01-18,1,boolean,NA
community_distancing,2021-01-18,1,boolean,NA
schools_closed,2021-01-19,1,boolean,0
schools_closed,2021-01-19,1,boolean,1
schools_closed,2021-01-19,1,boolean,2
schools_closed,2021-01-19,1,boolean,3
schools_closed,2021-01-19,1,boolean,4
schools_closed,2021-01-19,1,boolean,5
schools_closed,2021-01-19,1,boolean,6
schools_closed,2021-01-19,1,boolean,7
schools_closed,2021-01-19,1,boolean,8
schools_closed,2021-01-19,1,boolean,9
schools_closed,2021-01-19,1,boolean,10
schools_closed,2021-01-19,1,boolean,11
schools_closed,2021-01-19,1,boolean,12
schools_closed,2021-01-19,1,boolean,13
schools_closed,2021-01-19,1,boolean,14
schools_closed,2021-01-19,1,boolean,15
schools_closed,2021-01-19,1,boolean,16
schools_closed,2021-01-19,1,boolean,17
schools_closed,2021-01-19,1,boolean,18
schools_closed,2021-01-19,1,boolean,19
schools_closed,2021-01-19,1,boolean,20
schools_closed,2021-01-19,1,boolean,21
schools_closed,2021-01-19,1,boolean,22
schools_closed,2021-01-19,1,boolean,23
schools_closed,2021-01-19,1,boolean,24
schools_closed,2021-01-19,1,boolean,25
workplace_distancing,2021-01-19,1,boolean,NA
community_distancing,2021-01-19,1,boolean,NA
schools_closed,2021-01-20,1,boolean,0
schools_closed,2021-01-20,1,boolean,1
schools_closed,2021-01-20,1,boolean,2
schools_closed,2021-01-20,1,boolean,3
schools_closed,2021-01-20,1,boolean,4
schools_closed,2021-01-20,1,boolean,5
schools_closed,2021-01-20,1,boolean,6
schools_closed,2021-01-20,1,boolean,7
schools_closed,2021-01-20,1,boolean,8
schools_closed,2021-01-20,1,boolean,9
schools_closed,2021-01-20,1,boolean,10
schools_closed,2021-01-20,1,boolean,11
schools_closed,2021-01-20,1,boolean,12
schools_closed,2021-01-20,1,boolean,13
schools_closed,2021-01-20,1,boolean,14
schools_closed,2021-01-20,1,boolean,15
schools_closed,2021-01-20,1,boolean,16
schools_closed,2021-01-20,1,boolean,17
schools_closed,2021-01-20,1,boolean,18
schools_closed,2021-01-20,1,boolean,19
schools_closed,2021-01-20,1,boolean,20
schools_closed,2021-01-20,1,boolean,21
schools_closed,2021-01-20,1,boolean,22
schools_closed,2021-01-20,1,boolean,23
schools_closed,2021-01-20,1,boolean,24
schools_closed,2021-01-20,1,boolean,25
workplace_distancing,2021-01-20,1,boolean,NA
community_distancing,2021-01-20,1,boolean,NA
schools_closed,2021-01-21,1,boolean,0
schools_closed,2021-01-21,1,boolean,1
schools_closed,2021-01-21,1,boolean,2
schools_closed,2021-01-21,1,boolean,3
schools_closed,2021-01-21,1,boolean,4
schools_closed,2021-01-21,1,boolean,5
schools_closed,2021-01-21,1,boolean,6
schools_closed,2021-01-21,1,boolean,7
schools_closed,2021-01-21,1,boolean,8
schools_closed,2021-01-21,1,boolean,9
schools_closed,2021-01-21,1,boolean,10
schools_closed,2021-01-21,1,boolean,11
schools_closed,2021-01-21,1,boolean,12
schools_closed,2021-01-21,1,boolean,13
schools_closed,2021-01-21,1,boolean,14
schools_closed,2021-01-21,1,boolean,15
schools_closed,2021-01-21,1,boolean,16
schools_closed,2021-01-21,1,boolean,17
schools_closed,2021-01-21,1,boolean,18
schools_closed,2021-01-21,1,boolean,19
schools_closed,2021-01-21,1,boolean,20
schools_closed,2021-01-21,1,boolean,21
schools_closed,2021-01-21,1,boolean,22
schools_closed,2021-01-21,1,boolean,23
schools_closed,2021-01-21,1,boolean,24
schools_closed,2021-01-21,1,boolean,25
workplace_distancing,2021-01-21,1,boolean,NA
community_distancing,2021-01-21,1,boolean,NA
schools_closed,2021-01-22,1,boolean,0
schools_closed,2021-01-22,1,boolean,1
schools_closed,2021-01-22,1,boolean,2
schools_closed,2021-01-22,1,boolean,3
schools_closed,2021-01-22,1,boolean,4
schools_closed,2021-01-22,1,boolean,5
schools_closed,2021-01-22,1,boolean,6
schools_closed,2021-01-22,1,boolean,7
schools_closed,2021-01-22,1,boolean,8
schools_closed,2021-01-22,1,boolean,9
schools_closed,2021-01-22,1,boolean,10
schools_closed,2021-01-22,1,boolean,11
schools_closed,2021-01-22,1,boolean,12
schools_closed,2021-01-22,1,boolean,13
schools_closed,2021-01-22,1,boolean,14
schools_closed,2021-01-22,1,boolean,15
schools_closed,2021-01-22,1,boolean,16
schools_closed,2021-01-22,1,boolean,17
schools_closed,2021-01-22,1,boolean,18
schools_closed,2021-01-22,1,boolean,19
schools_closed,2021-01-22,1,boolean,20
schools_closed,2021-01-22,1,boolean,21
schools_closed,2021-01-22,1,boolean,22
schools_closed,2021-01-22,1,boolean,23
schools_closed,2021-01-22,1,boolean,24
schools_closed,2021-01-22,1,boolean,25
workplace_distancing,2021-01-22,1,boolean,NA
community_distancing,2021-01-22,1,boolean,NA
schools_closed,2021-01-23,1,boolean,0
schools_closed,2021-01-23,1,boolean,1
schools_closed,2021-01-23,1,boolean,2
schools_closed,2021-01-23,1,boolean,3
schools_closed,2021-01-23,1,boolean,4
schools_closed,2021-01-23,1,boolean,5
schools_closed,2021-01-23,1,boolean,6
schools_closed,2021-01-23,1,boolean,7
schools_closed,2021-01-23,1,boolean,8
schools_closed,2021-01-23,1,boolean,9
schools_closed,2021-01-23,1,boolean,10
schools_closed,2021-01-23,1,boolean,11
schools_closed,2021-01-23,1,boolean,12
schools_closed,2021-01-23,1,boolean,13
schools_closed,2021-01-23,1,boolean,14
schools_closed,2021-01-23,1,boolean,15
schools_closed,2021-01-23,1,boolean,16
schools_closed,2021-01-23,1,boolean,17
schools_closed,2021-01-23,1,boolean,18
schools_closed,2021-01-23,1,boolean,19
schools_closed,2021-01-23,1,boolean,20
schools_closed,2021-01-23,1,boolean,21
schools_closed,2021-01-23,1,boolean,22
schools_closed,2021-01-23,1,boolean,23
schools_closed,2021-01-23,1,boolean,24
schools_closed,2021-01-23,1,boolean,25
workplace_distancing,2021-01-23,1,boolean,NA
community_distancing,2021-01-23,1,boolean,NA
schools_closed,2021-01-24,1,boolean,0
schools_closed,2021-01-24,1,boolean,1
schools_closed,2021-01-24,1,boolean,2
schools_closed,2021-01-24,1,boolean,3
schools_closed,2021-01-24,1,boolean,4
schools_closed,2021-01-24,1,boolean,5
schools_closed,2021-01-24,1,boolean,6
schools_closed,2021-01-24,1,boolean,7
schools_closed,2021-01-24,1,boolean,8
schools_closed,2021-01-24,1,boolean,9
schools_closed,2021-01-24,1,boolean,10
schools_closed,2021-01-24,1,boolean,11
schools_closed,2021-01-24,1,boolean,12
schools_closed,2021-01-24,1,boolean,13
schools_closed,2021-01-24,1,boolean,14
schools_closed,2021-01-24,1,boolean,15
schools_closed,2021-01-24,1,boolean,16
schools_closed,2021-01-24,1,boolean,17
schools_closed,2021-01-24,1,boolean,18
schools_closed,2021-01-24,1,boolean,19
schools_closed,2021-01-24,1,boolean,20
schools_closed,2021-01-24,1,boolean,21
schools_closed,2021-01-24,1,boolean,22
schools_closed,2021-01-24,1,boolean,23
schools_closed,2021-01-24,1,boolean,24
schools_closed,2021-01-24,1,boolean,25
workplace_distancing,2021-01-24,1,boolean,NA
community_distancing,2021-01-24,1,boolean,NA
schools_closed,2021-01-25,1,boolean,0
schools_closed,2021-01-25,1,boolean,1
schools_closed,2021-01-25,1,boolean,2
schools_closed,2021-01-25,1,boolean,3
schools_closed,2021-01-25,1,boolean,4
schools_closed,2021-01-25,1,boolean,5
schools_closed,2021-01-25,1,boolean,6
schools_closed,2021-01-25,1,boolean,7
schools_closed,2021-01-25,1,boolean,8
schools_closed,2021-01-25,1,boolean,9
schools_closed,2021-01-25,1,boolean,10
schools_closed,2021-01-25,1,boolean,11
schools_closed,2021-01-25,1,boolean,12
schools_closed,2021-01-25,1,boolean,13
schools_closed,2021-01-25,1,boolean,14
schools_closed,2021-01-25,1,boolean,15
schools_closed,2021-01-25,1,boolean,16
schools_closed,2021-01-25,1,boolean,17
schools_closed,2021-01-25,1,boolean,18
schools_closed,2021-01-25,1,boolean,19
schools_closed,2021-01-25,1,boolean,20
schools_closed,2021-01-25,1,boolean,21
schools_closed,2021-01-25,1,boolean,22
schools_closed,2021-01-25,1,boolean,23
schools_closed,2021-01-25,1,boolean,24
schools_closed,2021-01-25,1,boolean,25
workplace_distancing,2021-01-25,1,boolean,NA
community_distancing,2021-01-25,1,boolean,NA
schools_closed,2021-01-26,1,boolean,0
schools_closed,2021-01-26,1,boolean,1
schools_closed,2021-01-26,1,boolean,2
schools_closed,2021-01-26,1,boolean,3
schools_closed,2021-01-26,1,boolean,4
schools_closed,2021-01-26,1,boolean,5
schools_closed,2021-01-26,1,boolean,6
schools_closed,2021-01-26,1,boolean,7
schools_closed,2021-01-26,1,boolean,8
schools_closed,2021-01-26,1,boolean,9
schools_closed,2021-01-26,1,boolean,10
schools_closed,2021-01-26,1,boolean,11
schools_closed,2021-01-26,1,boolean,12
schools_closed,2021-01-26,1,boolean,13
schools_closed,2021-01-26,1,boolean,14
schools_closed,2021-01-26,1,boolean,15
schools_closed,2021-01-26,1,boolean,16
schools_closed,2021-01-26,1,boolean,17
schools_closed,2021-01-26,1,boolean,18
schools_closed,2021-01-26,1,boolean,19
schools_closed,2021-01-26,1,boolean,20
schools_closed,2021-01-26,1,boolean,21
schools_closed,2021-01-26,1,boolean,22
schools_closed,2021-01-26,1,boolean,23
schools_closed,2021-01-26,1,boolean,24
schools_closed,2021-01-26,1,boolean,25
workplace_distancing,2021-01-26,1,boolean,NA
community_distancing,2021-01-26,1,boolean,NA
schools_closed,2021-01-27,1,boolean,0
schools_closed,2021-01-27,1,boolean,1
schools_closed,2021-01-27,1,boolean,2
schools_closed,2021-01-27,1,boolean,3
schools_closed,2021-01-27,1,boolean,4
schools_closed,2021-01-27,1,boolean,5
schools_closed,2021-01-27,1,boolean,6
schools_closed,2021-01-27,1,boolean,7
schools_closed,2021-01-27,1,boolean,8
schools_closed,2021-01-27,1,boolean,9
schools_closed,2021-01-27,1,boolean,10
schools_closed,2021-01-27,1,boolean,11
schools_closed,2021-01-27,1,boolean,12
schools_closed,2021-01-27,1,boolean,13
schools_closed,2021-01-27,1,boolean,14
schools_closed,2021-01-27,1,boolean,15
schools_closed,2021-01-27,1,boolean,16
schools_closed,2021-01-27,1,boolean,17
schools_closed,2021-01-27,1,boolean,18
schools_closed,2021-01-27,1,boolean,19
schools_closed,2021-01-27,1,boolean,20
schools_closed,2021-01-27,1,boolean,21
schools_closed,2021-01-27,1,boolean,22
schools_closed,2021-01-27,1,boolean,23
schools_closed,2021-01-27,1,boolean,24
schools_closed,2021-01-27,1,boolean,25
workplace_distancing,2021-01-27,1,boolean,NA
community_distancing,2021-01-27,1,boolean,NA
schools_closed,2021-01-28,1,boolean,0
schools_closed,2021-01-28,1,boolean,1
schools_closed,2021-01-28,1,boolean,2
schools_closed,2021-01-28,1,boolean,3
schools_closed,2021-01-28,1,boolean,4
schools_closed,2021-01-28,1,boolean,5
schools_closed,2021-01-28,1,boolean,6
schools_closed,2021-01-28,1,boolean,7
schools_closed,2021-01-28,1,boolean,8
schools_closed,2021-01-28,1,boolean,9
schools_closed,2021-01-28,1,boolean,10
schools_closed,2021-01-28,1,boolean,11
schools_closed,2021-01-28,1,boolean,12
schools_closed,2021-01-28,1,boolean,13
schools_closed,2021-01-28,1,boolean,14
schools_closed,2021-01-28,1,boolean,15
schools_closed,2021-01-28,1,boolean,16
schools_closed,2021-01-28,1,boolean,17
schools_closed,2021-01-28,1,boolean,18
schools_closed,2021-01-28,1,boolean,19
schools_closed,2021-01-28,1,boolean,20
schools_closed,2021-01-28,1,boolean,21
schools_closed,2021-01-28,1,boolean,22
schools_closed,2021-01-28,1,boolean,23
schools_closed,2021-01-28,1,boolean,24
schools_closed,2021-01-28,1,boolean,25
workplace_distancing,2021-01-28,1,boolean,NA
community_distancing,2021-01-28,1,boolean,NA
schools_closed,2021-01-29,1,boolean,0
schools_closed,2021-01-29,1,boolean,1
schools_closed,2021-01-29,1,boolean,2
schools_closed,2021-01-29,1,boolean,3
schools_closed,2021-01-29,1,boolean,4
schools_closed,2021-01-29,1,boolean,5
schools_closed,2021-01-29,1,boolean,6
schools_closed,2021-01-29,1,boolean,7
schools_closed,2021-01-29,1,boolean,8
schools_closed,2021-01-29,1,boolean,9
schools_closed,2021-01-29,1,boolean,10
schools_closed,2021-01-29,1,boolean,11
schools_closed,2021-01-29,1,boolean,12
schools_closed,2021-01-29,1,boolean,13
schools_closed,2021-01-29,1,boolean,14
schools_closed,2021-01-29,1,boolean,15
schools_closed,2021-01-29,1,boolean,16
schools_closed,2021-01-29,1,boolean,17
schools_closed,2021-01-29,1,boolean,18
schools_closed,2021-01-29,1,boolean,19
schools_closed,2021-01-29,1,boolean,20
schools_closed,2021-01-29,1,boolean,21
schools_closed,2021-01-29,1,boolean,22
schools_closed,2021-01-29,1,boolean,23
schools_closed,2021-01-29,1,boolean,24
schools_closed,2021-01-29,1,boolean,25
workplace_distancing,2021-01-29,1,boolean,NA
community_distancing,2021-01-29,1,boolean,NA
schools_closed,2021-01-30,1,boolean,0
schools_closed,2021-01-30,1,boolean,1
schools_closed,2021-01-30,1,boolean,2
schools_closed,2021-01-30,1,boolean,3
schools_closed,2021-01-30,1,boolean,4
schools_closed,2021-01-30,1,boolean,5
schools_closed,2021-01-30,1,boolean,6
schools_closed,2021-01-30,1,boolean,7
schools_closed,2021-01-30,1,boolean,8
schools_closed,2021-01-30,1,boolean,9
schools_closed,2021-01-30,1,boolean,10
schools_closed,2021-01-30,1,boolean,11
schools_closed,2021-01-30,1,boolean,12
schools_closed,2021-01-30,1,boolean,13
schools_closed,2021-01-30,1,boolean,14
schools_closed,2021-01-30,1,boolean,15
schools_closed,2021-01-30,1,boolean,16
schools_closed,2021-01-30,1,boolean,17
schools_closed,2021-01-30,1,boolean,18
schools_closed,2021-01-30,1,boolean,19
schools_closed,2021-01-30,1,boolean,20
schools_closed,2021-01-30,1,boolean,21
schools_closed,2021-01-30,1,boolean,22
schools_closed,2021-01-30,1,boolean,23
schools_closed,2021-01-30,1,boolean,24
schools_closed,2021-01-30,1,boolean,25
workplace_distancing,2021-01-30,1,boolean,NA
community_distancing,2021-01-30,1,boolean,NA
schools_closed,2021-01-31,1,boolean,0
schools_closed,2021-01-31,1,boolean,1
schools_closed,2021-01-31,1,boolean,2
schools_closed,2021-01-31,1,boolean,3
schools_closed,2021-01-31,1,boolean,4
schools_closed,2021-01-31,1,boolean,5
schools_closed,2021-01-31,1,boolean,6
schools_closed,2021-01-31,1,boolean,7
schools_closed,2021-01-31,1,boolean,8
schools_closed,2021-01-31,1,boolean,9
schools_closed,2021-01-31,1,boolean,10
schools_closed,2021-01-31,1,boolean,11
schools_closed,2021-01-31,1,boolean,12
schools_closed,2021-01-31,1,boolean,13
schools_closed,2021-01-31,1,boolean,14
schools_closed,2021-01-31,1,boolean,15
schools_closed,2021-01-31,1,boolean,16
schools_closed,2021-01-31,1,boolean,17
schools_closed,2021-01-31,1,boolean,18
schools_closed,2021-01-31,1,boolean,19
schools_closed,2021-01-31,1,boolean,20
schools_closed,2021-01-31,1,boolean,21
schools_closed,2021-01-31,1,boolean,22
schools_closed,2021-01-31,1,boolean,23
schools_closed,2021-01-31,1,boolean,24
schools_closed,2021-01-31,1,boolean,25
workplace_distancing,2021-01-31,1,boolean,NA
community_distancing,2021-01-31,1,boolean,NA
schools_closed,2021-02-01,1,boolean,0
schools_closed,2021-02-01,1,boolean,1
schools_closed,2021-02-01,1,boolean,2
schools_closed,2021-02-01,1,boolean,3
schools_closed,2021-02-01,1,boolean,4
schools_closed,2021-02-01,1,boolean,5
schools_closed,2021-02-01,1,boolean,6
schools_closed,2021-02-01,1,boolean,7
schools_closed,2021-02-01,1,boolean,8
schools_closed,2021-02-01,1,boolean,9
schools_closed,2021-02-01,1,boolean,10
schools_closed,2021-02-01,1,boolean,11
schools_closed,2021-02-01,1,boolean,12
schools_closed,2021-02-01,1,boolean,13
schools_closed,2021-02-01,1,boolean,14
schools_closed,2021-02-01,1,boolean,15
schools_closed,2021-02-01,1,boolean,16
schools_closed,2021-02-01,1,boolean,17
schools_closed,2021-02-01,1,boolean,18
schools_closed,2021-02-01,1,boolean,19
schools_closed,2021-02-01,1,boolean,20
schools_closed,2021-02-01,1,boolean,21
schools_closed,2021-02-01,1,boolean,22
schools_closed,2021-02-01,1,boolean,23
schools_closed,2021-02-01,1,boolean,24
schools_closed,2021-02-01,1,boolean,25
workplace_distancing,2021-02-01,1,boolean,NA
community_distancing,2021-02-01,1,boolean,NA
schools_closed,2021-02-02,1,boolean,0
schools_closed,2021-02-02,1,boolean,1
schools_closed,2021-02-02,1,boolean,2
schools_closed,2021-02-02,1,boolean,3
schools_closed,2021-02-02,1,boolean,4
schools_closed,2021-02-02,1,boolean,5
schools_closed,2021-02-02,1,boolean,6
schools_closed,2021-02-02,1,boolean,7
schools_closed,2021-02-02,1,boolean,8
schools_closed,2021-02-02,1,boolean,9
schools_closed,2021-02-02,1,boolean,10
schools_closed,2021-02-02,1,boolean,11
schools_closed,2021-02-02,1,boolean,12
schools_closed,2021-02-02,1,boolean,13
schools_closed,2021-02-02,1,boolean,14
schools_closed,2021-02-02,1,boolean,15
schools_closed,2021-02-02,1,boolean,16
schools_closed,2021-02-02,1,boolean,17
schools_closed,2021-02-02,1,boolean,18
schools_closed,2021-02-02,1,boolean,19
schools_closed,2021-02-02,1,boolean,20
schools_closed,2021-02-02,1,boolean,21
schools_closed,2021-02-02,1,boolean,22
schools_closed,2021-02-02,1,boolean,23
schools_closed,2021-02-02,1,boolean,24
schools_closed,2021-02-02,1,boolean,25
workplace_distancing,2021-02-02,1,boolean,NA
community_distancing,2021-02-02,1,boolean,NA
schools_closed,2021-02-03,1,boolean,0
schools_closed,2021-02-03,1,boolean,1
schools_closed,2021-02-03,1,boolean,2
schools_closed,2021-02-03,1,boolean,3
schools_closed,2021-02-03,1,boolean,4
schools_closed,2021-02-03,1,boolean,5
schools_closed,2021-02-03,1,boolean,6
schools_closed,2021-02-03,1,boolean,7
schools_closed,2021-02-03,1,boolean,8
schools_closed,2021-02-03,1,boolean,9
schools_closed,2021-02-03,1,boolean,10
schools_closed,2021-02-03,1,boolean,11
schools_closed,2021-02-03,1,boolean,12
schools_closed,2021-02-03,1,boolean,13
schools_closed,2021-02-03,1,boolean,14
schools_closed,2021-02-03,1,boolean,15
schools_closed,2021-02-03,1,boolean,16
schools_closed,2021-02-03,1,boolean,17
schools_closed,2021-02-03,1,boolean,18
schools_closed,2021-02-03,1,boolean,19
schools_closed,2021-02-03,1,boolean,20
schools_closed,2021-02-03,1,boolean,21
schools_closed,2021-02-03,1,boolean,22
schools_closed,2021-02-03,1,boolean,23
schools_closed,2021-02-03,1,boolean,24
schools_closed,2021-02-03,1,boolean,25
workplace_distancing,2021-02-03,1,boolean,NA
community_distancing,2021-02-03,1,boolean,NA
schools_closed,2021-02-04,1,boolean,0
schools_closed,2021-02-04,1,boolean,1
schools_closed,2021-02-04,1,boolean,2
schools_closed,2021-02-04,1,boolean,3
schools_closed,2021-02-04,1,boolean,4
schools_closed,2021-02-04,1,boolean,5
schools_closed,2021-02-04,1,boolean,6
schools_closed,2021-02-04,1,boolean,7
schools_closed,2021-02-04,1,boolean,8
schools_closed,2021-02-04,1,boolean,9
schools_closed,2021-02-04,1,boolean,10
schools_closed,2021-02-04,1,boolean,11
schools_closed,2021-02-04,1,boolean,12
schools_closed,2021-02-04,1,boolean,13
schools_closed,2021-02-04,1,boolean,14
schools_closed,2021-02-04,1,boolean,15
schools_closed,2021-02-04,1,boolean,16
schools_closed,2021-02-04,1,boolean,17
schools_closed,2021-02-04,1,boolean,18
schools_closed,2021-02-04,1,boolean,19
schools_closed,2021-02-04,1,boolean,20
schools_closed,2021-02-04,1,boolean,21
schools_closed,2021-02-04,1,boolean,22
schools_closed,2021-02-04,1,boolean,23
schools_closed,2021-02-04,1,boolean,24
schools_closed,2021-02-04,1,boolean,25
workplace_distancing,2021-02-04,1,boolean,NA
community_distancing,2021-02-04,1,boolean,NA
schools_closed,2021-02-05,1,boolean,0
schools_closed,2021-02-05,1,boolean,1
schools_closed,2021-02-05,1,boolean,2
schools_closed,2021-02-05,1,boolean,3
schools_closed,2021-02-05,1,boolean,4
schools_closed,2021-02-05,1,boolean,5
schools_closed,2021-02-05,1,boolean,6
schools_closed,2021-02-05,1,boolean,7
schools_closed,2021-02-05,1,boolean,8
schools_closed,2021-02-05,1,boolean,9
schools_closed,2021-02-05,1,boolean,10
schools_closed,2021-02-05,1,boolean,11
schools_closed,2021-02-05,1,boolean,12
schools_closed,2021-02-05,1,boolean,13
schools_closed,2021-02-05,1,boolean,14
schools_closed,2021-02-05,1,boolean,15
schools_closed,2021-02-05,1,boolean,16
schools_closed,2021-02-05,1,boolean,17
schools_closed,2021-02-05,1,boolean,18
schools_closed,2021-02-05,1,boolean,19
schools_closed,2021-02-05,1,boolean,20
schools_closed,2021-02-05,1,boolean,21
schools_closed,2021-02-05,1,boolean,22
schools_closed,2021-02-05,1,boolean,23
schools_closed,2021-02-05,1,boolean,24
schools_closed,2021-02-05,1,boolean,25
workplace_distancing,2021-02-05,1,boolean,NA
community_distancing,2021-02-05,1,boolean,NA
schools_closed,2021-02-06,1,boolean,0
schools_closed,2021-02-06,1,boolean,1
schools_closed,2021-02-06,1,boolean,2
schools_closed,2021-02-06,1,boolean,3
schools_closed,2021-02-06,1,boolean,4
schools_closed,2021-02-06,1,boolean,5
schools_closed,2021-02-06,1,boolean,6
schools_closed,2021-02-06,1,boolean,7
schools_closed,2021-02-06,1,boolean,8
schools_closed,2021-02-06,1,boolean,9
schools_closed,2021-02-06,1,boolean,10
schools_closed,2021-02-06,1,boolean,11
schools_closed,2021-02-06,1,boolean,12
schools_closed,2021-02-06,1,boolean,13
schools_closed,2021-02-06,1,boolean,14
schools_closed,2021-02-06,1,boolean,15
schools_closed,2021-02-06,1,boolean,16
schools_closed,2021-02-06,1,boolean,17
schools_closed,2021-02-06,1,boolean,18
schools_closed,2021-02-06,1,boolean,19
schools_closed,2021-02-06,1,boolean,20
schools_closed,2021-02-06,1,boolean,21
schools_closed,2021-02-06,1,boolean,22
schools_closed,2021-02-06,1,boolean,23
schools_closed,2021-02-06,1,boolean,24
schools_closed,2021-02-06,1,boolean,25
workplace_distancing,2021-02-06,1,boolean,NA
community_distancing,2021-02-06,1,boolean,NA
schools_closed,2021-02-07,1,boolean,0
schools_closed,2021-02-07,1,boolean,1
schools_closed,2021-02-07,1,boolean,2
schools_closed,2021-02-07,1,boolean,3
schools_closed,2021-02-07,1,boolean,4
schools_closed,2021-02-07,1,boolean,5
schools_closed,2021-02-07,1,boolean,6
schools_closed,2021-02-07,1,boolean,7
schools_closed,2021-02-07,1,boolean,8
schools_closed,2021-02-07,1,boolean,9
schools_closed,2021-02-07,1,boolean,10
schools_closed,2021-02-07,1,boolean,11
schools_closed,2021-02-07,1,boolean,12
schools_closed,2021-02-07,1,boolean,13
schools_closed,2021-02-07,1,boolean,14
schools_closed,2021-02-07,1,boolean,15
schools_closed,2021-02-07,1,boolean,16
schools_closed,2021-02-07,1,boolean,17
schools_closed,2021-02-07,1,boolean,18
schools_closed,2021-02-07,1,boolean,19
schools_closed,2021-02-07,1,boolean,20
schools_closed,2021-02-07,1,boolean,21
schools_closed,2021-02-07,1,boolean,22
schools_closed,2021-02-07,1,boolean,23
schools_closed,2021-02-07,1,boolean,24
schools_closed,2021-02-07,1,boolean,25
workplace_distancing,2021-02-07,1,boolean,NA
community_distancing,2021-02-07,1,boolean,NA
schools_closed,2021-02-08,1,boolean,0
schools_closed,2021-02-08,1,boolean,1
schools_closed,2021-02-08,1,boolean,2
schools_closed,2021-02-08,1,boolean,3
schools_closed,2021-02-08,1,boolean,4
schools_closed,2021-02-08,1,boolean,5
schools_closed,2021-02-08,1,boolean,6
schools_closed,2021-02-08,1,boolean,7
schools_closed,2021-02-08,1,boolean,8
schools_closed,2021-02-08,1,boolean,9
schools_closed,2021-02-08,1,boolean,10
schools_closed,2021-02-08,1,boolean,11
schools_closed,2021-02-08,1,boolean,12
schools_closed,2021-02-08,1,boolean,13
schools_closed,2021-02-08,1,boolean,14
schools_closed,2021-02-08,1,boolean,15
schools_closed,2021-02-08,1,boolean,16
schools_closed,2021-02-08,1,boolean,17
schools_closed,2021-02-08,1,boolean,18
schools_closed,2021-02-08,1,boolean,19
schools_closed,2021-02-08,1,boolean,20
schools_closed,2021-02-08,1,boolean,21
schools_closed,2021-02-08,1,boolean,22
schools_closed,2021-02-08,1,boolean,23
schools_closed,2021-02-08,1,boolean,24
schools_closed,2021-02-08,1,boolean,25
workplace_distancing,2021-02-08,1,boolean,NA
community_distancing,2021-02-08,1,boolean,NA
